{
  "project_info": {
    "project_number": "655154723071",
    "firebase_url": "https://standivnew-default-rtdb.firebaseio.com",
    "project_id": "standivnew",
    "storage_bucket": "standivnew.appspot.com"
  },
  "client": [
    {
      "client_info": {
        "mobilesdk_app_id": "1:655154723071:android:50ff41847aa2df2a1a34ca",
        "android_client_info": {
          "package_name": "com.admin.standivadmin"
        }
      },
      "oauth_client": [
        {
          "client_id": "655154723071-2pin46ul9k0tc4jok1a3je247mje0e4g.apps.googleusercontent.com",
          "client_type": 1,
          "android_info": {
            "package_name": "com.admin.standivadmin",
            "certificate_hash": "d281de6958a117075c5c83a6416d8f259618125c"
          }
        },
        {
          "client_id": "655154723071-kqloagiafc65iib6o5cgsfv0e9q9ohei.apps.googleusercontent.com",
          "client_type": 3
        }
      ],
      "api_key": [
        {
          "current_key": "AIzaSyBUgXc28SaP8WwKTkTwmDHKJVheLfPd1uY"
        }
      ],
      "services": {
        "appinvite_service": {
          "other_platform_oauth_client": [
            {
              "client_id": "655154723071-kqloagiafc65iib6o5cgsfv0e9q9ohei.apps.googleusercontent.com",
              "client_type": 3
            }
          ]
        }
      }
    },
    {
      "client_info": {
        "mobilesdk_app_id": "1:655154723071:android:f04cd1b88442a9c31a34ca",
        "android_client_info": {
          "package_name": "com.standiv.standivnew"
        }
      },
      "oauth_client": [
        {
          "client_id": "655154723071-pdplh8s2phepgncjbiai3nv5b7gn0hdr.apps.googleusercontent.com",
          "client_type": 1,
          "android_info": {
            "package_name": "com.standiv.standivnew",
            "certificate_hash": "d281de6958a117075c5c83a6416d8f259618125c"
          }
        },
        {
          "client_id": "655154723071-kqloagiafc65iib6o5cgsfv0e9q9ohei.apps.googleusercontent.com",
          "client_type": 3
        }
      ],
      "api_key": [
        {
          "current_key": "AIzaSyBUgXc28SaP8WwKTkTwmDHKJVheLfPd1uY"
        }
      ],
      "services": {
        "appinvite_service": {
          "other_platform_oauth_client": [
            {
              "client_id": "655154723071-kqloagiafc65iib6o5cgsfv0e9q9ohei.apps.googleusercontent.com",
              "client_type": 3
            }
          ]
        }
      }
    }
  ],
  "configuration_version": "1"
}